INSERT INTO `FutbolDB_V3`.`Confederation` (`idConfederation`,`name`) VALUES (1,'CONCACAF');
INSERT INTO `FutbolDB_V3`.`Confederation` (`idConfederation`,`name`) VALUES (2,'CONMEBOL');
INSERT INTO `FutbolDB_V3`.`Confederation` (`idConfederation`,`name`) VALUES (3,'UEFA');
INSERT INTO `FutbolDB_V3`.`Confederation` (`idConfederation`,`name`) VALUES (4,'CAF');
INSERT INTO `FutbolDB_V3`.`Confederation` (`idConfederation`,`name`) VALUES (5,'AFC');
-- ranking january 2016
INSERT INTO `FutbolDB_V3`.`Country` (`idCountry`,`name`,`positionRankingFifa`,`idConfederation`) VALUES (1,'Argentina',2,2);
INSERT INTO `FutbolDB_V3`.`Country` (`idCountry`,`name`,`positionRankingFifa`,`idConfederation`) VALUES (2,'Alemania',4,3);
INSERT INTO `FutbolDB_V3`.`Country` (`idCountry`,`name`,`positionRankingFifa`,`idConfederation`) VALUES (3,'Japon',53,5);
INSERT INTO `FutbolDB_V3`.`Country` (`idCountry`,`name`,`positionRankingFifa`,`idConfederation`) VALUES (4,'Nigeria',66,4);
INSERT INTO `FutbolDB_V3`.`Country` (`idCountry`,`name`,`positionRankingFifa`,`idConfederation`) VALUES (5,'Francia',25,3);
INSERT INTO `FutbolDB_V3`.`Country` (`idCountry`,`name`,`positionRankingFifa`,`idConfederation`) VALUES (6,'Holanda',14,3);
INSERT INTO `FutbolDB_V3`.`Country` (`idCountry`,`name`,`positionRankingFifa`,`idConfederation`) VALUES (7,'China',84,5);
INSERT INTO `FutbolDB_V3`.`Country` (`idCountry`,`name`,`positionRankingFifa`,`idConfederation`) VALUES (8,'Brasil',6,2);
INSERT INTO `FutbolDB_V3`.`Country` (`idCountry`,`name`,`positionRankingFifa`,`idConfederation`) VALUES (9,'Chile',5,2);
INSERT INTO `FutbolDB_V3`.`Country` (`idCountry`,`name`,`positionRankingFifa`,`idConfederation`) VALUES (10,'España',3,4);
INSERT INTO `FutbolDB_V3`.`Country` (`idCountry`,`name`,`positionRankingFifa`,`idConfederation`) VALUES (11,'Camerún',59,4);
INSERT INTO `FutbolDB_V3`.`Country` (`idCountry`,`name`,`positionRankingFifa`,`idConfederation`) VALUES (12,'Inglaterra',9,3);
INSERT INTO `FutbolDB_V3`.`Country` (`idCountry`,`name`,`positionRankingFifa`,`idConfederation`) VALUES (13,'Mexico', 23,1);	
INSERT INTO `FutbolDB_V3`.`Country` (`idCountry`,`name`,`positionRankingFifa`,`idConfederation`) VALUES (14,'USA', 32,1);
INSERT INTO `FutbolDB_V3`.`Country` (`idCountry`,`name`,`positionRankingFifa`,`idConfederation`) VALUES (15,'Costa Rica', 37,1);
INSERT INTO `FutbolDB_V3`.`Country` (`name`,`positionRankingFifa`,`idConfederation`) VALUES ('Trinidad and Tobago', 50,1);
INSERT INTO `FutbolDB_V3`.`Country` (`name`,`positionRankingFifa`,`idConfederation`) VALUES ('Jamaica', 55,1);
INSERT INTO `FutbolDB_V3`.`Country` (`name`,`positionRankingFifa`,`idConfederation`) VALUES ('Panama', 65,1);
INSERT INTO `FutbolDB_V3`.`Country` (`name`,`positionRankingFifa`,`idConfederation`) VALUES ('Haiti', 79,1);
INSERT INTO `FutbolDB_V3`.`Country` (`name`,`positionRankingFifa`,`idConfederation`) VALUES ('Canada', 88,1);
INSERT INTO `FutbolDB_V3`.`Country` (`name`,`positionRankingFifa`,`idConfederation`) VALUES ('Antigua and Barbuda', 92,1);
INSERT INTO `FutbolDB_V3`.`Country` (`name`,`positionRankingFifa`,`idConfederation`) VALUES ('Guatemala', 93,1);
INSERT INTO `FutbolDB_V3`.`Country` (`name`,`positionRankingFifa`,`idConfederation`) VALUES ('Nicaragua', 96,1);
INSERT INTO `FutbolDB_V3`.`Country` (`name`,`positionRankingFifa`,`idConfederation`) VALUES ('Honduras', 98,1);
INSERT INTO `FutbolDB_V3`.`Country` (`name`,`positionRankingFifa`,`idConfederation`) VALUES ('El Salvador', 99,1);
INSERT INTO `FutbolDB_V3`.`Country` (`name`,`positionRankingFifa`,`idConfederation`) VALUES ('Aruba', 115,1);
INSERT INTO `FutbolDB_V3`.`Country` (`name`,`positionRankingFifa`,`idConfederation`) VALUES ('St. Kitts and Nevis', 119,1);
INSERT INTO `FutbolDB_V3`.`Country` (`name`,`positionRankingFifa`,`idConfederation`) VALUES ('Belize', 128,1);
INSERT INTO `FutbolDB_V3`.`Country` (`name`,`positionRankingFifa`,`idConfederation`) VALUES ('Cuba', 136,1);
INSERT INTO `FutbolDB_V3`.`Country` (`name`,`positionRankingFifa`,`idConfederation`) VALUES ('St. Vincent and the Grenadines' , 143,1);
INSERT INTO `FutbolDB_V3`.`Country` (`name`,`positionRankingFifa`,`idConfederation`) VALUES ('St. Lucia', 144,1);
INSERT INTO `FutbolDB_V3`.`Country` (`name`,`positionRankingFifa`,`idConfederation`) VALUES ('Barbados', 145,1);
INSERT INTO `FutbolDB_V3`.`Country` (`name`,`positionRankingFifa`,`idConfederation`) VALUES ('Curaçao', 150,1);
INSERT INTO `FutbolDB_V3`.`Country` (`name`,`positionRankingFifa`,`idConfederation`) VALUES ('Bermuda', 159,1);
INSERT INTO `FutbolDB_V3`.`Country` (`name`,`positionRankingFifa`,`idConfederation`) VALUES ('Dominican Republic', 160,1);
INSERT INTO `FutbolDB_V3`.`Country` (`name`,`positionRankingFifa`,`idConfederation`) VALUES ('Guyana', 161,1);
INSERT INTO `FutbolDB_V3`.`Country` (`name`,`positionRankingFifa`,`idConfederation`) VALUES ('Grenada', 163,1);
INSERT INTO `FutbolDB_V3`.`Country` (`name`,`positionRankingFifa`,`idConfederation`) VALUES ('Puerto Rico', 172,1);
INSERT INTO `FutbolDB_V3`.`Country` (`name`,`positionRankingFifa`,`idConfederation`) VALUES ('Dominica', 176,1);
INSERT INTO `FutbolDB_V3`.`Country` (`name`,`positionRankingFifa`,`idConfederation`) VALUES ('US Virgin Islands', 177,1);
INSERT INTO `FutbolDB_V3`.`Country` (`name`,`positionRankingFifa`,`idConfederation`) VALUES ('Montserrat', 187,1);
INSERT INTO `FutbolDB_V3`.`Country` (`name`,`positionRankingFifa`,`idConfederation`) VALUES ('Suriname', 189,1);
INSERT INTO `FutbolDB_V3`.`Country` (`name`,`positionRankingFifa`,`idConfederation`) VALUES ('Cayman Islands', 195,1);
INSERT INTO `FutbolDB_V3`.`Country` (`name`,`positionRankingFifa`,`idConfederation`) VALUES ('Turks and Caicos Islands', 197,1);
INSERT INTO `FutbolDB_V3`.`Country` (`name`,`positionRankingFifa`,`idConfederation`) VALUES ('British Virgin Islands', 199,1);
INSERT INTO `FutbolDB_V3`.`Country` (`name`,`positionRankingFifa`,`idConfederation`) VALUES ('Anguilla', 204,1);
INSERT INTO `FutbolDB_V3`.`Country` (`name`,`positionRankingFifa`,`idConfederation`) VALUES ('Bahamas', 205,1);

INSERT INTO `FutbolDB_V3`.`Team` (`idTeam`,`name`,`championships`,`idCountry`) VALUES (1,'Deportivo Saprissa',31,15);
INSERT INTO `FutbolDB_V3`.`Team` (`idTeam`,`name`,`championships`,`idCountry`) VALUES (2,'América',13,13);
INSERT INTO `FutbolDB_V3`.`Team` (`idTeam`,`name`,`championships`,`idCountry`) VALUES (3,'África equipo 1',20,4);
INSERT INTO `FutbolDB_V3`.`Team` (`idTeam`,`name`,`championships`,`idCountry`) VALUES (4,'Asia equipo 1',15,7);
INSERT INTO `FutbolDB_V3`.`Team` (`idTeam`,`name`,`championships`,`idCountry`) VALUES (6,'Manchester United',31,12);
INSERT INTO `FutbolDB_V3`.`Team` (`idTeam`,`name`,`championships`,`idCountry`) VALUES (7,'Real Madrid',26,10);
INSERT INTO `FutbolDB_V3`.`Team` (`idTeam`,`name`,`championships`,`idCountry`) VALUES (8,'Boca Juniors',30,1);
INSERT INTO `FutbolDB_V3`.`Team` (`idTeam`,`name`,`championships`,`idCountry`) VALUES (9,'Alajuelense',29,15);
INSERT INTO `FutbolDB_V3`.`Team` (`idTeam`,`name`,`championships`,`idCountry`) VALUES (10,'Herediano',24,15);

INSERT INTO `FutbolDB_V3`.`Sponsor` (`idSponsor`,`name`) VALUES (1,'Nike');
INSERT INTO `FutbolDB_V3`.`Sponsor` (`idSponsor`,`name`) VALUES (2,'Adidas');
INSERT INTO `FutbolDB_V3`.`Sponsor` (`idSponsor`,`name`) VALUES (3,'Puma');
INSERT INTO `FutbolDB_V3`.`Sponsor` (`idSponsor`,`name`) VALUES (4,'Umbro');

INSERT INTO `FutbolDB_V3`.`Stadium` (`idStadium`,`name`,`capacity`) VALUES (1,'Ricardo Saprissa',20000);
INSERT INTO `FutbolDB_V3`.`Stadium` (`idStadium`,`name`,`capacity`) VALUES (2,'Rosabal Cordero',32000);
INSERT INTO `FutbolDB_V3`.`Stadium` (`idStadium`,`name`,`capacity`) VALUES (3,'Nacional',32000);
INSERT INTO `FutbolDB_V3`.`Stadium` (`idStadium`,`name`,`capacity`) VALUES (4,'Morera Soto',17000);
INSERT INTO `FutbolDB_V3`.`Stadium` (`idStadium`,`name`,`capacity`) VALUES (5,'Azteca',105000);
INSERT INTO `FutbolDB_V3`.`Stadium` (`idStadium`,`name`,`capacity`) VALUES (6,'Pernanbuco',75000);
INSERT INTO `FutbolDB_V3`.`Stadium` (`idStadium`,`name`,`capacity`) VALUES (7,'Asian arena',45000);
INSERT INTO `FutbolDB_V3`.`Stadium` (`idStadium`,`name`,`capacity`) VALUES (9,'Old Trafford',82000);
INSERT INTO `FutbolDB_V3`.`Stadium` (`idStadium`,`name`,`capacity`) VALUES (10,'Santiago Bernabeu',86000);
INSERT INTO `FutbolDB_V3`.`Stadium` (`idStadium`,`name`,`capacity`) VALUES (11,'La Bombonera',70000);

INSERT INTO `FutbolDB_V3`.`Player` (`idPlayer`,`dni`,`name`,`lastName`,`secondLastName`,`salary`,`yearsOfRemainingContract`,`birthDate`,`position`,`age`,`idCountry`,`idSponsor`,`idTeam`) VALUES (1,116754802,'Ariel','Rodriguez','Rodriguez',1200000,2,'1990-05-05','Delantero',25,15,1,1);
INSERT INTO `FutbolDB_V3`.`Player` (`idPlayer`,`dni`,`name`,`lastName`,`secondLastName`,`salary`,`yearsOfRemainingContract`,`birthDate`,`position`,`age`,`idCountry`,`idSponsor`,`idTeam`) VALUES (2,156475245,'Keylor','Navas','Xxxx',25000000,4,'1986-12-05','Portero',29,15,1,7);
INSERT INTO `FutbolDB_V3`.`Player` (`idPlayer`,`dni`,`name`,`lastName`,`secondLastName`,`salary`,`yearsOfRemainingContract`,`birthDate`,`position`,`age`,`idCountry`,`idSponsor`,`idTeam`) VALUES (3,116759502,'Wayne','Rooney','Yyyyy',4000000000,3,'1985-05-05','Delantero',30,12,2,6);
INSERT INTO `FutbolDB_V3`.`Player` (`idPlayer`,`dni`,`name`,`lastName`,`secondLastName`,`salary`,`yearsOfRemainingContract`,`birthDate`,`position`,`age`,`idCountry`,`idSponsor`,`idTeam`) VALUES (4,116044802,'Patrick','Bomberton','Zzzzz',1000000000,1,'1984-05-05','Portero',31,15,4,9);
INSERT INTO `FutbolDB_V3`.`Player` (`idPlayer`,`dni`,`name`,`lastName`,`secondLastName`,`salary`,`yearsOfRemainingContract`,`birthDate`,`position`,`age`,`idCountry`,`idSponsor`,`idTeam`) VALUES (5,116974802,'Oribe','Peralta','Wwwww',20200000000,1,'1985-05-05','Delantero',30,13,3,2);

INSERT INTO `FutbolDB_V3`.`Team_Sponsor`(`idTeam`,`idSponsor`)VALUES(1,4);
INSERT INTO `FutbolDB_V3`.`Team_Sponsor`(`idTeam`,`idSponsor`)VALUES(2,3);
INSERT INTO `FutbolDB_V3`.`Team_Sponsor`(`idTeam`,`idSponsor`)VALUES(3,2);
INSERT INTO `FutbolDB_V3`.`Team_Sponsor`(`idTeam`,`idSponsor`)VALUES(4,1);
INSERT INTO `FutbolDB_V3`.`Team_Sponsor`(`idTeam`,`idSponsor`)VALUES(6,3);
INSERT INTO `FutbolDB_V3`.`Team_Sponsor`(`idTeam`,`idSponsor`)VALUES(7,2);
INSERT INTO `FutbolDB_V3`.`Team_Sponsor`(`idTeam`,`idSponsor`)VALUES(8,1);
INSERT INTO `FutbolDB_V3`.`Team_Sponsor`(`idTeam`,`idSponsor`)VALUES(9,4);
INSERT INTO `FutbolDB_V3`.`Team_Sponsor`(`idTeam`,`idSponsor`)VALUES(10,3);
INSERT INTO `FutbolDB_V3`.`Team_Sponsor`(`idTeam`,`idSponsor`)VALUES(1,3);
INSERT INTO `FutbolDB_V3`.`Team_Sponsor`(`idTeam`,`idSponsor`)VALUES(2,2);
INSERT INTO `FutbolDB_V3`.`Team_Sponsor`(`idTeam`,`idSponsor`)VALUES(3,1);
INSERT INTO `FutbolDB_V3`.`Team_Sponsor`(`idTeam`,`idSponsor`)VALUES(4,4);

INSERT INTO `FutbolDB_V3`.`Team_Stadium`(`idTeam`,`idStadium`)VALUES(1,1);
INSERT INTO `FutbolDB_V3`.`Team_Stadium`(`idTeam`,`idStadium`)VALUES(2,5);
INSERT INTO `FutbolDB_V3`.`Team_Stadium`(`idTeam`,`idStadium`)VALUES(3,6);
INSERT INTO `FutbolDB_V3`.`Team_Stadium`(`idTeam`,`idStadium`)VALUES(4,7);
INSERT INTO `FutbolDB_V3`.`Team_Stadium`(`idTeam`,`idStadium`)VALUES(6,9);
INSERT INTO `FutbolDB_V3`.`Team_Stadium`(`idTeam`,`idStadium`)VALUES(7,10);
INSERT INTO `FutbolDB_V3`.`Team_Stadium`(`idTeam`,`idStadium`)VALUES(8,11);
INSERT INTO `FutbolDB_V3`.`Team_Stadium`(`idTeam`,`idStadium`)VALUES(9,4);
INSERT INTO `FutbolDB_V3`.`Team_Stadium`(`idTeam`,`idStadium`)VALUES(10,2);
INSERT INTO `FutbolDB_V3`.`Team_Stadium`(`idTeam`,`idStadium`)VALUES(1,3);
INSERT INTO `FutbolDB_V3`.`Team_Stadium`(`idTeam`,`idStadium`)VALUES(9,3);

-- inserted in tests
-- INSERT INTO `FutbolDB_V3`.`Confederation` (`idConfederation`,`name`,`totalCountries`) VALUES (6,'OFC',1);
-- INSERT INTO `FutbolDB_V3`.`Country` (`idCountry`,`name`,`positionRankingFifa`,`idConfederation`) VALUES (48,'New Zealand',151,6);
-- INSERT INTO `FutbolDB_V3`.`Team` (`idTeam`,`name`,`championships`,`idCountry`) VALUES (5,'Melbourne',25,);
-- INSERT INTO `FutbolDB_V3`.`Stadium` (`idStadium`,`name`,`capacity`) VALUES (8,'Melbourne park',35000);
-- INSERT INTO `FutbolDB_V3`.`Team_Sponsor`(`idTeam`,`idSponsor`)VALUES(5,4);
-- INSERT INTO `FutbolDB_V3`.`Team_Sponsor`(`idTeam`,`idSponsor`)VALUES(5,3);
-- INSERT INTO `FutbolDB_V3`.`Team_Stadium`(`idTeam`,`idStadium`)VALUES(5,8);